{"last_tab":"","preloader_enables":"1","preloader_image":{"url":"https:\/\/themepanthers.com\/wp\/nest\/d3\/wp-content\/themes\/steelthemes-nest\/assets\/images\/loading.gif","id":"","height":"","width":"","thumbnail":""},"pre_loader_background":"","bactotop_enable":"1","sidebar_sticky_enables":"1","rtl_enables":"","wow_animation":"1","header_custom_enables":"1","header_custom_style":"4028","header_postion_all":"header_position_relative","header_sticky":"1","header_sticky_custom_style":"4268","page_header_enable":"1","page_header_style":"style_three","page_header_post_exclude":"","breadcrumb_enable":"1","page_header_alignment":"page_header_center","page_header_bg_image":{"url":"","id":"","height":"","width":"","thumbnail":""},"blog_page_header_bg_image":{"url":"","id":"","height":"","width":"","thumbnail":""},"pageheader_bg_color":"","pageheader_title_color":"","pageheader_breadcrumb_color":"","pageheader_breadcrumb_active_color":"","pageheader_tag_color":"","pageheader_tah_bg_color":"","pageheader_tag_border_color":"","product_breadcrumb_names":"Products","product_breadcrumb_links":"#","notice_enable":"1","notice_bg_image":{"url":"https:\/\/themepanthers.com\/wp\/nest\/d3\/wp-content\/themes\/steelthemes-nest\/assets\/images\/notice.jpg","id":"","height":"","width":"","thumbnail":""},"notice_content":"Senior\u2019s Member Discount Days! Save 25% Each Tuesday","mobile_logo_enable":"1","mobile_logo_default":{"url":"https:\/\/themepanthers.com\/wp\/nest\/d3\/wp-content\/themes\/steelthemes-nest\/assets\/images\/logo.svg","id":"","height":"","width":"","thumbnail":""},"mobile_logo_link":"","mobile_logo_width":{"width":"","units":"px"},"mob_cart_enable":"1","header_search_enable":"1","panel_search_enable":"1","contact_enable":"1","mobile_phone_number":"9806071234","mobile_mail_number":"sendmail@example.com","mobile_button_enable":"1","mobile_button_text":"Sign Up","mobile_button_link":"","mobile_button_text_two":"Log In","mobile_button_link_two":"","mobile_social_media_enable":"1","social_media_text":"fa fa-facebook","social_media_link":"","social_media_text_two":"fa fa-twitter","social_media_link_two":"","social_media_text_three":"fa fa-skype","social_media_link_three":"","social_media_text_four":"fab fa-youtube","social_media_link_four":"","social_media_text_five":"fab fa-instagram","social_media_link_five":"","mobile_copy_enable":"1","mobile_panel_copy_right":"Copyright 2022 \u00a9 Nest. All rights reserved. Powered by Steelthemes.","mobile_floating_enable":"1","home_enable":"1","home_button_img":{"url":"https:\/\/themepanthers.com\/wp\/nest\/d3\/wp-content\/themes\/steelthemes-nest\/assets\/images\/btn-1.svg","id":"","height":"","width":"","thumbnail":""},"home_btn_text":"Home","home_btn_link":"http:\/\/themepanthers.com\/wp\/nest\/d1","button_one_enable":"1","btn_one_img":{"url":"https:\/\/themepanthers.com\/wp\/nest\/d3\/wp-content\/themes\/steelthemes-nest\/assets\/images\/btn-3.svg","id":"","height":"","width":"","thumbnail":""},"btn_one_text":"Whishlist","btn_one_link":"#","button_two_enable":"1","btn_two_img":{"url":"https:\/\/themepanthers.com\/wp\/nest\/d3\/wp-content\/themes\/steelthemes-nest\/assets\/images\/btn-2.svg","id":"","height":"","width":"","thumbnail":""},"btn_two_text":"Compare","btn_two_link":"#","button_three_enable":"1","btn_three_img":{"url":"https:\/\/themepanthers.com\/wp\/nest\/d3\/wp-content\/themes\/steelthemes-nest\/assets\/images\/btn-4.svg","id":"","height":"","width":"","thumbnail":""},"btn_three_text":"Checkout","btn_three_link":"#","button_four_enable":"1","btn_four_img":{"url":"https:\/\/themepanthers.com\/wp\/nest\/d3\/wp-content\/themes\/steelthemes-nest\/assets\/images\/icon-user.svg","id":"","height":"","width":"","thumbnail":""},"btn_four_text":"Account","btn_four_link":"#","side_menu_enable":"","side_menu_icon_image":{"url":"https:\/\/themepanthers.com\/wp\/nest\/d3\/wp-content\/themes\/steelthemes-nest\/assets\/images\/demo.svg","id":"","height":"","width":"","thumbnail":""},"side_menu_button_texts":"Demos","side_menu_display_area":"","mini_cart_text":"Cart","content_one_enable":"","content_one_icon_image":{"url":"https:\/\/themepanthers.com\/wp\/nest\/d3\/wp-content\/themes\/steelthemes-nest\/assets\/images\/docs.svg","id":"","height":"","width":"","thumbnail":""},"content_one_text":"Docs","content_one_text_link":"#","content_two_enable":"","content_two_icon_image":{"url":"https:\/\/themepanthers.com\/wp\/nest\/d3\/wp-content\/themes\/steelthemes-nest\/assets\/images\/support.svg","id":"","height":"","width":"","thumbnail":""},"content_two_text":"Support","content_two_link":"#","footer_custom_enables":"1","footer_custom_style":"3721","default_layouts":"right-sidebar","page_layouts":"right-sidebar","product_layouts":"right-sidebar","layout_width_enable":"","layout_width_control":"1200px","category_enable":"1","tag_disable":"1","share_disable":"","next_prev_enable":"","product_archive_style":"style_one","filter_content_enable":"1","grid_list_vide_enable":"1","product_single_style":"style_one","deal_day":"Days","deal_hours":"Hours","deal_min":"Mins","deal_sec":"Secs","theme_setttings_enable":"","font_familt_default_one":{"font-family":"","font-options":"","google":"1","font-backup":""},"font_familt_second_one":{"font-family":"","font-options":"","google":"1","font-backup":""},"theme_color_one":"","theme_color_two":"","theme_color_three":"","theme_bgcolor_one":"","theme_bgcolor_two":"","theme_bgcolor_three":"","heading_color":"","description_color":"","border_color":"","border_color_two":"","redux-backup":1}